,0
0,ExtraTreeClassifier(random_state=1608637542)
1,ExtraTreeClassifier(random_state=1273642419)
2,ExtraTreeClassifier(random_state=1935803228)
3,ExtraTreeClassifier(random_state=787846414)
4,ExtraTreeClassifier(random_state=996406378)
5,ExtraTreeClassifier(random_state=1201263687)
6,ExtraTreeClassifier(random_state=423734972)
7,ExtraTreeClassifier(random_state=415968276)
8,ExtraTreeClassifier(random_state=670094950)
9,ExtraTreeClassifier(random_state=1914837113)
10,ExtraTreeClassifier(random_state=669991378)
11,ExtraTreeClassifier(random_state=429389014)
12,ExtraTreeClassifier(random_state=249467210)
13,ExtraTreeClassifier(random_state=1972458954)
14,ExtraTreeClassifier(random_state=1572714583)
15,ExtraTreeClassifier(random_state=1433267572)
16,ExtraTreeClassifier(random_state=434285667)
17,ExtraTreeClassifier(random_state=613608295)
18,ExtraTreeClassifier(random_state=893664919)
19,ExtraTreeClassifier(random_state=648061058)
20,ExtraTreeClassifier(random_state=88409749)
21,ExtraTreeClassifier(random_state=242285876)
22,ExtraTreeClassifier(random_state=2018247425)
23,ExtraTreeClassifier(random_state=953477463)
24,ExtraTreeClassifier(random_state=1427830251)
25,ExtraTreeClassifier(random_state=1883569565)
26,ExtraTreeClassifier(random_state=911989541)
27,ExtraTreeClassifier(random_state=3344769)
28,ExtraTreeClassifier(random_state=780932287)
29,ExtraTreeClassifier(random_state=2114032571)
30,ExtraTreeClassifier(random_state=787716372)
31,ExtraTreeClassifier(random_state=504579232)
32,ExtraTreeClassifier(random_state=1306710475)
33,ExtraTreeClassifier(random_state=479546681)
34,ExtraTreeClassifier(random_state=106328085)
35,ExtraTreeClassifier(random_state=30349564)
36,ExtraTreeClassifier(random_state=1855189739)
37,ExtraTreeClassifier(random_state=99052376)
38,ExtraTreeClassifier(random_state=1250819632)
39,ExtraTreeClassifier(random_state=106406362)
40,ExtraTreeClassifier(random_state=480404538)
41,ExtraTreeClassifier(random_state=1717389822)
42,ExtraTreeClassifier(random_state=599121577)
43,ExtraTreeClassifier(random_state=200427519)
44,ExtraTreeClassifier(random_state=1254751707)
45,ExtraTreeClassifier(random_state=2034764475)
46,ExtraTreeClassifier(random_state=1573512143)
47,ExtraTreeClassifier(random_state=999745294)
48,ExtraTreeClassifier(random_state=1958805693)
49,ExtraTreeClassifier(random_state=389151677)
50,ExtraTreeClassifier(random_state=1224821422)
51,ExtraTreeClassifier(random_state=508464061)
52,ExtraTreeClassifier(random_state=857592370)
53,ExtraTreeClassifier(random_state=1642661739)
54,ExtraTreeClassifier(random_state=61136438)
55,ExtraTreeClassifier(random_state=2075460851)
56,ExtraTreeClassifier(random_state=396917567)
57,ExtraTreeClassifier(random_state=2004731384)
58,ExtraTreeClassifier(random_state=199502978)
59,ExtraTreeClassifier(random_state=1545932260)
60,ExtraTreeClassifier(random_state=461901618)
61,ExtraTreeClassifier(random_state=774414982)
62,ExtraTreeClassifier(random_state=732395540)
63,ExtraTreeClassifier(random_state=1934879560)
64,ExtraTreeClassifier(random_state=279394470)
65,ExtraTreeClassifier(random_state=56972561)
66,ExtraTreeClassifier(random_state=1927948675)
67,ExtraTreeClassifier(random_state=1899242072)
68,ExtraTreeClassifier(random_state=1999874363)
69,ExtraTreeClassifier(random_state=271820813)
70,ExtraTreeClassifier(random_state=1324556529)
71,ExtraTreeClassifier(random_state=1655351289)
72,ExtraTreeClassifier(random_state=1308306184)
73,ExtraTreeClassifier(random_state=68574553)
74,ExtraTreeClassifier(random_state=419498548)
75,ExtraTreeClassifier(random_state=991681409)
76,ExtraTreeClassifier(random_state=791274835)
77,ExtraTreeClassifier(random_state=1035196507)
78,ExtraTreeClassifier(random_state=1890440558)
79,ExtraTreeClassifier(random_state=787110843)
80,ExtraTreeClassifier(random_state=524150214)
81,ExtraTreeClassifier(random_state=472432043)
82,ExtraTreeClassifier(random_state=2126768636)
83,ExtraTreeClassifier(random_state=1431061255)
84,ExtraTreeClassifier(random_state=147697582)
85,ExtraTreeClassifier(random_state=744595490)
86,ExtraTreeClassifier(random_state=1758017741)
87,ExtraTreeClassifier(random_state=1679592528)
88,ExtraTreeClassifier(random_state=1111451555)
89,ExtraTreeClassifier(random_state=782698033)
90,ExtraTreeClassifier(random_state=698027879)
91,ExtraTreeClassifier(random_state=1096768899)
92,ExtraTreeClassifier(random_state=1338788865)
93,ExtraTreeClassifier(random_state=1826030589)
94,ExtraTreeClassifier(random_state=86191493)
95,ExtraTreeClassifier(random_state=893102645)
96,ExtraTreeClassifier(random_state=200619113)
97,ExtraTreeClassifier(random_state=290770691)
98,ExtraTreeClassifier(random_state=793943861)
99,ExtraTreeClassifier(random_state=134489564)
